
{
	"allowSleep" : true,
	"autoClearForces" : true,
	"body" : 
	[
		
		{
			"angle" : 0,
			"angularVelocity" : 0,
			"awake" : true,
			"fixture" : 
			[
				
				{
					"circle" : 
					{
						"center" : 0,
						"radius" : 0.5
					},
					"density" : 1,
					"friction" : 0.2,
					"name" : "fixture2"
				}
			],
			"linearVelocity" : 0,
			"massData-I" : 0.09817477315664291,
			"massData-mass" : 0.7853981852531433,
			"name" : "body2",
			"position" : 
			{
				"x" : 2.282321929931641,
				"y" : 3.179419517517090
			},
			"type" : 2
		},
		
		{
			"angle" : 0,
			"angularVelocity" : 0,
			"awake" : true,
			"fixture" : 
			[
				
				{
					"density" : 1,
					"friction" : 0.2,
					"name" : "fixture1",
					"polygon" : 
					{
						"vertices" : 
						{
							"x" : [ 3.75, 3.75, -3.75, -3.75 ],
							"y" : 
							[
								-0.1279069781303406,
								0.1279069781303406,
								0.1279069781303406,
								-0.1279069781303406
							]
						}
					}
				}
			],
			"linearVelocity" : 0,
			"massData-I" : 9.003922462463379,
			"massData-center" : 
			{
				"x" : -2.250978425877293e-008,
				"y" : -7.308814664597207e-010
			},
			"massData-mass" : 1.918604731559753,
			"name" : "body1",
			"position" : 
			{
				"x" : 0,
				"y" : -0.9630606174468994
			},
			"type" : 2
		},
		
		{
			"angle" : 1.570796370506287,
			"angularVelocity" : 0,
			"awake" : true,
			"fixture" : 
			[
				
				{
					"density" : 1,
					"friction" : 0.2,
					"name" : "fixture0",
					"polygon" : 
					{
						"vertices" : 
						{
							"x" : [ 1.046391844749451, -0.5231958627700806, -0.5231958627700806 ],
							"y" : [ -2.388354580773466e-008, 0.4330130219459534, -0.4330129623413086 ]
						}
					}
				}
			],
			"linearVelocity" : 0,
			"name" : "body0",
			"position" : 
			{
				"x" : 0,
				"y" : -1.965699434280396
			},
			"type" : 0
		}
	],
	"collisionbitplanes" : 
	{
		"names" : 
		[
			"bitplane1",
			"bitplane2",
			"bitplane3",
			"bitplane4",
			"bitplane5",
			"bitplane6",
			"bitplane7",
			"bitplane8",
			"bitplane9",
			"bitplane10",
			"bitplane11",
			"bitplane12",
			"bitplane13",
			"bitplane14",
			"bitplane15",
			"bitplane16",
			"bitplane17",
			"bitplane18",
			"bitplane19",
			"bitplane20",
			"bitplane21",
			"bitplane22",
			"bitplane23",
			"bitplane24",
			"bitplane25",
			"bitplane26",
			"bitplane27",
			"bitplane28",
			"bitplane29",
			"bitplane30",
			"bitplane31",
			"bitplane32"
		]
	},
	"continuousPhysics" : true,
	"gravity" : 
	{
		"x" : 0,
		"y" : -10
	},
	"joint" : 
	[
		
		{
			"anchorA" : 0,
			"anchorB" : 
			{
				"x" : 1.002640008926392,
				"y" : -4.382669871461076e-008
			},
			"bodyA" : 1,
			"bodyB" : 2,
			"enableLimit" : true,
			"enableMotor" : false,
			"jointSpeed" : 0,
			"lowerLimit" : -0.3490658402442932,
			"maxMotorTorque" : 0,
			"motorSpeed" : 0,
			"name" : "joint0",
			"refAngle" : -1.570796370506287,
			"type" : "revolute",
			"upperLimit" : 0.3490658402442932
		}
	],
	"positionIterations" : 3,
	"stepsPerSecond" : 60.0,
	"subStepping" : false,
	"velocityIterations" : 8,
	"warmStarting" : true
}
